fpr,tpr
0.0,0.0
0.0,0.000722543352601156
0.0,0.008670520231213872
0.0,0.010115606936416185
0.0,0.01300578034682081
0.0,0.014450867052023121
0.0,0.019508670520231215
0.0,0.025289017341040464
0.0,0.02601156069364162
0.0,0.02745664739884393
0.0,0.04263005780346821
0.0,0.04407514450867052
0.0,0.044797687861271675
0.0,0.046242774566473986
0.0,0.05997109826589595
0.0,0.0657514450867052
0.0,0.06719653179190752
0.0,0.07008670520231214
0.0,0.07947976878612717
0.0,0.08092485549132948
0.0,0.0838150289017341
0.0,0.08526011560693642
0.0,0.09320809248554913
0.0,0.09609826589595376
0.0,0.09971098265895954
0.0,0.10115606936416185
0.0,0.10549132947976879
0.0,0.1069364161849711
0.0,0.10838150289017341
0.0,0.10982658959537572
0.0,0.12210982658959538
0.0,0.125
0.0,0.12716763005780346
0.0,0.12861271676300579
0.0,0.1315028901734104
0.0,0.13367052023121387
0.0,0.15390173410404626
0.0,0.15534682080924855
0.0,0.16401734104046242
0.0,0.16690751445086704
0.0,0.1676300578034682
0.0,0.171242774566474
0.0,0.17702312138728324
0.0,0.17846820809248554
0.0,0.1936416184971098
0.0,0.19508670520231214
0.0,0.19797687861271676
0.0,0.20809248554913296
0.0,0.20953757225433525
0.0,0.25289017341040465
0.0,0.2543352601156069
0.0,0.3345375722543353
0.0,0.33598265895953755
0.0,0.33815028901734107
0.0,0.33959537572254334
0.0,0.342485549132948
0.0,0.3439306358381503
0.0,0.42846820809248554
0.0,0.42991329479768786
0.0,0.4320809248554913
0.0,0.43352601156069365
0.0,0.444364161849711
0.0,0.4458092485549133
0.0,0.44653179190751446
0.0,0.4523121387283237
0.0,0.45809248554913296
0.0,0.4595375722543353
0.0,0.47471098265895956
0.0,0.476878612716763
0.0,0.4848265895953757
0.0,0.48627167630057805
0.0,0.5144508670520231
0.0,0.5158959537572254
0.0,0.5274566473988439
0.0,0.5289017341040463
0.0,0.5354046242774566
0.0,0.536849710982659
0.0,0.5484104046242775
0.0,0.5498554913294798
0.0,0.5505780346820809
0.0,0.5520231213872833
0.0,0.569364161849711
0.0,0.5708092485549133
0.0,0.578757225433526
0.0,0.5802023121387283
0.0,0.5809248554913294
0.0,0.5838150289017341
0.0,0.615606936416185
0.0,0.6170520231213873
0.0,0.6893063583815029
0.0,0.6907514450867052
0.0,0.7059248554913294
0.0,0.7073699421965318
0.0,0.7290462427745664
0.0,0.7304913294797688
0.0,0.7615606936416185
0.0,0.7630057803468208
0.0,0.8020231213872833
0.0,0.8034682080924855
0.0,0.8106936416184971
0.0,0.8121387283236994
0.0,0.8179190751445087
0.0,0.819364161849711
0.0,0.8215317919075145
0.0,0.8229768786127167
0.0,0.8439306358381503
0.0,0.8460982658959537
0.0,0.846820809248555
0.0,0.8482658959537572
0.0,0.8489884393063584
0.0,0.8504335260115607
0.0,0.8533236994219653
0.0,0.8547687861271677
0.0,0.8576589595375722
0.0,0.8598265895953757
0.0,0.861271676300578
0.0,0.8619942196531792
0.0,0.8634393063583815
0.0,0.8713872832369942
0.0,0.8728323699421965
0.0,0.884393063583815
0.0,0.8858381502890174
0.0,0.8872832369942196
0.0,0.8894508670520231
0.0,0.8937861271676301
0.0,0.8966763005780347
0.0,0.8988439306358381
0.0,0.8995664739884393
0.0,0.9010115606936416
0.0,0.9024566473988439
0.0,0.9039017341040463
0.0,0.9132947976878613
0.0,0.916907514450867
0.0,0.9248554913294798
0.0,0.9263005780346821
0.0,0.9270231213872833
0.0,0.9284682080924855
0.0,0.9299132947976878
0.0,0.9313583815028902
0.0,0.9342485549132948
0.0,0.9364161849710982
0.0,0.9378612716763006
0.0,0.9385838150289018
0.0,0.940028901734104
0.0,0.9429190751445087
0.0,0.9479768786127167
0.0,0.9508670520231214
0.0,0.9624277456647399
0.0,0.9638728323699421
0.0,0.9660404624277457
0.0,0.9739884393063584
0.0,0.976878612716763
0.0,0.9804913294797688
0.0,0.9819364161849711
0.0,0.9826589595375722
0.0,0.9855491329479769
0.0,0.9891618497109826
0.0,0.990606936416185
0.0,0.9927745664739884
0.0,1.0
0.002055076037813399,1.0
0.002466091245376079,1.0
0.007603781339909577,1.0
0.008014796547472256,1.0
0.019317714755445952,1.0
0.01972872996300863,1.0
0.032059186189889025,1.0
0.03247020139745171,1.0
0.053431976983148374,1.0
0.05384299219071106,1.0
0.056925606247431156,1.0
0.05733662145499383,1.0
0.06103575832305795,1.0
0.061446773530620634,1.0
0.06288532675709001,1.0
0.0632963419646527,1.0
0.06432387998355939,1.0
0.06473489519112208,1.0
0.0663789560213728,1.0
0.06678997122893547,1.0
0.06699547883271681,1.0
0.06740649404027949,1.0
0.0721331689272503,1.0
0.07254418413481299,1.0
0.07870941224825319,1.0
0.0793259350595972,1.0
0.08179202630497329,1.0
0.08220304151253596,1.0
0.08610768598438143,1.0
0.08672420879572544,1.0
0.09042334566378955,1.0
0.09103986847513358,1.0
0.09247842170160296,1.0
0.09288943690916564,1.0
0.09699958898479244,1.0
0.09782161939991779,1.0
0.10768598438142211,1.0
0.10830250719276613,1.0
0.10974106041923551,1.0
0.11035758323057954,1.0
0.11097410604192355,1.0
0.11138512124948623,1.0
0.11220715166461159,1.0
0.11282367447595561,1.0
0.11508425811755035,1.0
0.11570078092889437,1.0
0.11611179613645704,1.0
0.11672831894780107,1.0
0.11713933415536375,1.0
0.11755034936292642,1.0
0.11796136457048911,1.0
0.11837237977805179,1.0
0.11960542540073983,1.0
0.12001644060830251,1.0
0.12104397862720921,1.0
0.12186600904233456,1.0
0.1230990546650226,1.0
0.12351006987258528,1.0
0.12494862309905466,1.0
0.1255651459103987,1.0
0.13152486642005753,1.0
0.1319358816276202,1.0
0.13214138923140156,1.0
0.1327579120427456,1.0
0.13501849568434032,1.0
0.135429510891903,1.0
0.1364570489108097,1.0
0.13686806411837238,1.0
0.14323879983559393,1.0
0.1436498150431566,1.0
0.1442663378545006,1.0
0.1446773530620633,1.0
0.1452938758734073,1.0
0.14591039868475134,1.0
0.14858199753390874,1.0
0.14899301274147145,1.0
0.14960953555281545,1.0
0.1514591039868475,1.0
0.15228113440197288,1.0
0.15474722564734894,1.0
0.15577476366625564,1.0
0.15618577887381832,1.0
0.15824085491163173,1.0
0.1586518701191944,1.0
0.15885737772297576,1.0
0.15947390053431976,1.0
0.16029593094944514,1.0
0.1611179613645705,1.0
0.16132346896835184,1.0
0.16173448417591452,1.0
0.16193999177969584,1.0
0.16255651459103987,1.0
0.16605014385532266,1.0
0.16666666666666666,1.0
0.16707768187422933,1.0
0.16748869708179204,1.0
0.16872174270448007,1.0
0.16954377311960542,1.0
0.1699547883271681,1.0
0.1703658035347308,1.0
0.17139334155363747,1.0
0.17180435676120018,1.0
0.17262638717632553,1.0
0.1730374023838882,1.0
0.17427044800657623,1.0
0.17447595561035759,1.0
0.1755034936292643,1.0
0.176531031648171,1.0
0.17694204685573367,1.0
0.17796958487464037,1.0
0.17940813810110975,1.0
0.1818742293464858,1.0
0.1822852445540485,1.0
0.18557336621454995,1.0
0.18598438142211263,1.0
0.188039457459926,1.0
0.1884504726674887,1.0
0.19009453349773942,1.0
0.1905055487053021,1.0
0.19112207151664612,1.0
0.1915330867242088,1.0
0.19235511713933415,1.0
0.19379367036580353,1.0
0.19441019317714756,1.0
0.19482120838471023,1.0
0.1952322235922729,1.0
0.1960542540073983,1.0
0.19708179202630496,1.0
0.19790382244143034,1.0
0.19893136046033702,1.0
0.19954788327168105,1.0
0.19995889847924372,1.0
0.2007809288943691,1.0
0.20119194410193178,1.0
0.2024249897246198,1.0
0.20283600493218248,1.0
0.20365803534730786,1.0
0.20797369502671598,1.0
0.20838471023427868,1.0
0.2106452938758734,1.0
0.21126181668721744,1.0
0.21146732429099876,1.0
0.2120838471023428,1.0
0.21228935470612412,1.0
0.2127003699136868,1.0
0.21393341553637485,1.0
0.21434443074393753,1.0
0.21598849157418826,1.0
0.21619399917796958,1.0
0.21701602959309493,1.0
0.21804356761200164,1.0
0.2184545828195643,1.0
0.2198931360460337,1.0
0.22050965885737772,1.0
0.22235922729140978,1.0
0.22277024249897245,1.0
0.2254418413481299,1.0
0.22585285655569257,1.0
0.23057953144266338,1.0
0.23099054665022606,1.0
0.23571722153719687,1.0
0.2363337443485409,1.0
0.239416358405261,1.0
0.23982737361282366,1.0
0.24722564734895192,1.0
0.2476366625565146,1.0
0.25092478421701603,1.0
0.25133579942457873,1.0
0.2527743526510481,1.0
0.2531853678586108,1.0
0.2548294286888615,1.0
0.2554459515002055,1.0
0.2642827784628031,1.0
0.26469379367036583,1.0
0.2648993012741471,1.0
0.26531031648170983,1.0
0.26592683929305383,1.0
0.26633785450061653,1.0
0.27106452938758735,1.0
0.27147554459515,1.0
0.27168105219893135,1.0
0.2722975750102754,1.0
0.27311960542540076,1.0
0.2735306206329634,1.0
0.27373612823674476,1.0
0.27435265104808876,1.0
0.27476366625565146,1.0
0.27538018906699546,1.0
0.27579120427455817,1.0
0.2762022194821208,1.0
0.2778462803123716,1.0
0.2782572955199342,1.0
0.28031237155774763,1.0
0.28092889436909163,1.0
0.28339498561446774,1.0
0.2838060008220304,1.0
0.2846280312371558,1.0
0.2852445540484998,1.0
0.2883271681052199,1.0
0.2889436909165639,1.0
0.2899712289354706,1.0
0.2903822441430333,1.0
0.29182079736950267,1.0
0.2922318125770654,1.0
0.2934648581997534,1.0
0.2944923962186601,1.0
0.2959309494451295,1.0
0.29880805589806825,1.0
0.3006576243321003,1.0
0.30312371557747636,1.0
0.3039457459926017,1.0
0.3043567612001644,1.0
0.30579531442663377,1.0
0.3064118372379778,1.0
0.3068228524455405,1.0
0.3078503904644472,1.0
0.3082614056720099,1.0
0.3140156185778874,1.0
0.31442663378545005,1.0
0.3150431565967941,1.0
0.31586518701191946,1.0
0.31689272503082616,1.0
0.3173037402383888,1.0
0.3193588162762022,1.0
0.3197698314837649,1.0
0.3199753390875462,1.0
0.3207973695026716,1.0
0.321619399917797,1.0
0.322235922729141,1.0
0.32367447595561033,1.0
0.3249075215782984,1.0
0.32675709001233044,1.0
0.32716810521989315,1.0
0.3273736128236745,1.0
0.32778462803123715,1.0
0.3312782572955199,1.0
0.33189478010686396,1.0
0.3349773941635841,1.0
0.3353884093711467,1.0
0.33806000822030413,1.0
0.33847102342786684,1.0
0.33908754623921084,1.0
0.33949856144677354,1.0
0.34011508425811754,1.0
0.3407316070694616,1.0
0.34217016029593095,1.0
0.3429921907110563,1.0
0.34360871352240036,1.0
0.34648581997533906,1.0
0.34689683518290176,1.0
0.3471023427866831,1.0
0.34751335799424576,1.0
0.3477188655980271,1.0
0.3481298808055898,1.0
0.34833538840937117,1.0
0.34895191122071517,1.0
0.35121249486230993,1.0
0.3516235100698726,1.0
0.3520345252774353,1.0
0.35244554048499793,1.0
0.3526510480887793,1.0
0.35388409371146734,1.0
0.35450061652281134,1.0
0.35491163173037404,1.0
0.3553226469379367,1.0
0.3563501849568434,1.0
0.35819975339087545,1.0
0.35861076859843816,1.0
0.3588162762022195,1.0
0.35963830661734486,1.0
0.36066584463625156,1.0
0.3621043978627209,1.0
0.3625154130702836,1.0
0.36292642827784627,1.0
0.3643649815043157,1.0
0.3649815043156597,1.0
0.3676531031648171,1.0
0.3692971639950678,1.0
0.3717632552404439,1.0
0.37217427044800655,1.0
0.37258528565556925,1.0
0.37299630086313196,1.0
0.3734073160706946,1.0
0.3738183312782573,1.0
0.37525688450472666,1.0
0.37566789971228937,1.0
0.3758734073160707,1.0
0.37628442252363337,1.0
0.3771064529387587,1.0
0.3789560213727908,1.0
0.3793670365803535,1.0
0.37957254418413483,1.0
0.3799835593916975,1.0
0.38018906699547883,1.0
0.3810110974106042,1.0
0.38183312782572953,1.0
0.38224414303329224,1.0
0.3824496506370736,1.0
0.38286066584463624,1.0
0.385121249486231,1.0
0.38553226469379365,1.0
0.3861487875051377,1.0
0.38655980271270035,1.0
0.38758734073160706,1.0
0.38799835593916976,1.0
0.3888203863542951,1.0
0.3898479243732018,1.0
0.39025893958076446,1.0
0.39128647759967117,1.0
0.39231401561857787,1.0
0.3931360460337032,1.0
0.3935470612412659,1.0
0.39395807644882863,1.0
0.395396629675298,1.0
0.396013152486642,1.0
0.3970406905055487,1.0
0.39827373612823674,1.0
0.4021783806000822,1.0
0.40300041101520756,1.0
0.40402794903411426,1.0
0.40443896424167697,1.0
0.4083436087135224,1.0
0.40896013152486643,1.0
0.4093711467324291,1.0
0.41019317714755443,1.0
0.4114262227702425,1.0
0.4124537607891492,1.0
0.41327579120427455,1.0
0.4140978216193999,1.0
0.41471434443074395,1.0
0.4151253596383066,1.0
0.41533086724208795,1.0
0.41635840526099466,1.0
0.416563912864776,1.0
0.41718043567612,1.0
0.4208795725441841,1.0
0.4212905877517468,1.0
0.4217016029593095,1.0
0.4221126181668722,1.0
0.42231812577065353,1.0
0.4227291409782162,1.0
0.4231401561857789,1.0
0.42355117139334153,1.0
0.42560624743115494,1.0
0.42601726263871764,1.0
0.427455815865187,1.0
0.42930538429921905,1.0
0.4315659679408138,1.0
0.4319769831483765,1.0
0.4325935059597205,1.0
0.4332100287710645,1.0
0.4336210439786272,1.0
0.4342375667899712,1.0
0.4356761200164406,1.0
0.4369091656391286,1.0
0.43711467324291,1.0
0.4375256884504727,1.0
0.4401972872996301,1.0
0.4418413481298808,1.0
0.4422523633374435,1.0
0.4434854089601315,1.0
0.4443074393752569,1.0
0.44471845458281956,1.0
0.44574599260172626,1.0
0.44677353062063296,1.0
0.44780106863953967,1.0
0.44841759145088367,1.0
0.449239621866009,1.0
0.4498561446773531,1.0
0.4502671598849157,1.0
0.45067817509247843,1.0
0.45376078914919854,1.0
0.45437731196054254,1.0
0.4545828195643239,1.0
0.45540484997944924,1.0
0.4562268803945746,1.0
0.4566378956021373,1.0
0.4572544184134813,1.0
0.4578709412248253,1.0
0.45869297163995065,1.0
0.46280312371557747,1.0
0.46341964652692147,1.0
0.4638306617344842,1.0
0.46814632141389234,1.0
0.46835182901767364,1.0
0.46937936703658034,1.0
0.46979038224414305,1.0
0.47081792026304975,1.0
0.4722564734895191,1.0
0.4726674886970818,1.0
0.47410604192355116,1.0
0.47451705713111386,1.0
0.4753390875462392,1.0
0.4757501027538019,1.0
0.4769831483764899,1.0
0.477599671187834,1.0
0.4808877928483354,1.0
0.48109330045211673,1.0
0.4823263460748048,1.0
0.48273736128236744,1.0
0.4833538840937115,1.0
0.48417591450883685,1.0
0.4845869297163995,1.0
0.48520345252774355,1.0
0.48581997533908755,1.0
0.4866420057542129,1.0
0.4870530209617756,1.0
0.4872585285655569,1.0
0.48787505137690096,1.0
0.4882860665844636,1.0
0.4886970817920263,1.0
0.4893136046033703,1.0
0.489724619810933,1.0
0.49013563501849566,1.0
0.4913686806411837,1.0
0.49219071105630907,1.0
0.4923962186600904,1.0
0.4958898479243732,1.0
0.49650637073571724,1.0
0.4969173859432799,1.0
0.49712289354706124,1.0
0.4979449239621866,1.0
0.49815043156596794,1.0
0.5036991368680641,1.0
0.5039046444718455,1.0
0.5045211672831895,1.0
0.5049321824907521,1.0
0.5055487053020962,1.0
0.5059597205096589,1.0
0.5071927661323469,1.0
0.5082203041512536,1.0
0.5086313193588162,1.0
0.5090423345663789,1.0
0.510275380189067,1.0
0.5119194410193177,1.0
0.5123304562268804,1.0
0.512741471434443,1.0
0.5141800246609125,1.0
0.5143855322646937,1.0
0.5164406083025072,1.0
0.5166461159062885,1.0
0.5178791615289766,1.0
0.5217838060008221,1.0
0.5219893136046033,1.0
0.5228113440197287,1.0
0.5267159884915742,1.0
0.5277435265104808,1.0
0.5281545417180435,1.0
0.5283600493218249,1.0
0.5287710645293876,1.0
0.5291820797369503,1.0
0.5295930949445129,1.0
0.5297986025482943,1.0
0.5306206329634197,1.0
0.5312371557747637,1.0
0.5318536785861077,1.0
0.5324702013974517,1.0
0.5328812166050144,1.0
0.533292231812577,1.0
0.5361693382655158,1.0
0.5374023838882038,1.0
0.5378133990957665,1.0
0.5380189066995479,1.0
0.5388409371146733,1.0
0.5394574599260172,1.0
0.5402794903411426,1.0
0.540484997944924,1.0
0.5411015207562679,1.0
0.5413070283600493,1.0
0.5421290587751747,1.0
0.542334566378956,1.0
0.5431565967940813,1.0
0.543567612001644,1.0
0.5441841348129881,1.0
0.5445951500205508,1.0
0.544800657624332,1.0
0.5452116728318948,1.0
0.5462392108508015,1.0
0.5542540073982737,1.0
0.5546650226058364,1.0
0.5550760378133991,1.0
0.5563090834360871,1.0
0.5571311138512125,1.0
0.5575421290587752,1.0
0.5581586518701191,1.0
0.5585696670776819,1.0
0.5591861898890259,1.0
0.55980271270037,1.0
0.5606247431154953,1.0
0.5612412659268393,1.0
0.5618577887381833,1.0
0.5630908343608714,1.0
0.5635018495684341,1.0
0.5643238799835594,1.0
0.5647348951911221,1.0
0.5649404027949034,1.0
0.5721331689272503,1.0
0.5727496917385944,1.0
0.5741882449650637,1.0
0.5745992601726264,1.0
0.5758323057953144,1.0
0.5770653514180024,1.0
0.5778873818331278,1.0
0.5782983970406905,1.0
0.5803534730785039,1.0
0.5809699958898479,1.0
0.5815865187011919,1.0
0.5817920263049733,1.0
0.582203041512536,1.0
0.5826140567200987,1.0
0.5848746403616933,1.0
0.5850801479654747,1.0
0.5859021783806001,1.0
0.5861076859843815,1.0
0.5873407316070695,1.0
0.5885737772297575,1.0
0.5898068228524456,1.0
0.5906288532675709,1.0
0.5910398684751336,1.0
0.5916563912864776,1.0
0.591861898890259,1.0
0.5986436498150431,1.0
0.5994656802301686,1.0
0.6000822030415125,1.0
0.6004932182490752,1.0
0.6011097410604193,1.0
0.6019317714755446,1.0
0.6025482942868886,1.0
0.60275380189067,1.0
0.603986847513358,1.0
0.6048088779284834,1.0
0.6050143855322647,1.0
0.6076859843814221,1.0
0.6078914919852034,1.0
0.6087135224003288,1.0
0.6091245376078915,1.0
0.6095355528154541,1.0
0.6099465680230168,1.0
0.6101520756267982,1.0
0.6109741060419236,1.0
0.6113851212494862,1.0
0.6128236744759556,1.0
0.6138512124948623,1.0
0.614262227702425,1.0
0.6161117961364571,1.0
0.6169338265515824,1.0
0.6171393341553637,1.0
0.6187833949856145,1.0
0.6193999177969585,1.0
0.6198109330045212,1.0
0.6204274558158652,1.0
0.6218660090423346,1.0
0.6222770242498973,1.0
0.6230990546650226,1.0
0.623921085080148,1.0
0.6243321002877107,1.0
0.6245376078914919,1.0
0.6276202219482121,1.0
0.6280312371557748,1.0
0.6284422523633374,1.0
0.6292642827784628,1.0
0.6298808055898069,1.0
0.6309083436087135,1.0
0.6313193588162762,1.0
0.634812988080559,1.0
0.636046033703247,1.0
0.6364570489108097,1.0
0.6372790793259351,1.0
0.6381011097410604,1.0
0.6391286477599671,1.0
0.6397451705713111,1.0
0.6401561857788738,1.0
0.6407727085902178,1.0
0.6409782161939992,1.0
0.6420057542129058,1.0
0.6424167694204685,1.0
0.6438553226469379,1.0
0.645088368269626,1.0
0.6454993834771886,1.0
0.6461159062885327,1.0
0.6469379367036581,1.0
0.647554459515002,1.0
0.6479654747225647,1.0
0.6481709823263461,1.0
0.6485819975339088,1.0
0.6496095355528154,1.0
0.6506370735717222,1.0
0.6512535963830661,1.0
0.6522811344019729,1.0
0.6528976572133169,1.0
0.6531031648170982,1.0
0.6535141800246609,1.0
0.654747225647349,1.0
0.6555692560624743,1.0
0.656596794081381,1.0
0.6570078092889436,1.0
0.6582408549116318,1.0
0.6588573777229757,1.0
0.6592683929305384,1.0
0.6594739005343198,1.0
0.6611179613645705,1.0
0.6615289765721332,1.0
0.6631730374023839,1.0
0.6633785450061652,1.0
0.6703658035347307,1.0
0.6707768187422934,1.0
0.6713933415536375,1.0
0.6715988491574189,1.0
0.6720098643649816,1.0
0.6722153719687628,1.0
0.6726263871763255,1.0
0.6730374023838882,1.0
0.6742704480065762,1.0
0.6755034936292643,1.0
0.6761200164406083,1.0
0.6773530620632964,1.0
0.6779695848746403,1.0
0.6789971228935471,1.0
0.6794081381011098,1.0
0.6796136457048911,1.0
0.6810521989313605,1.0
0.6816687217427044,1.0
0.6818742293464858,1.0
0.6822852445540485,1.0
0.6831072749691739,1.0
0.6841348129880805,1.0
0.6845458281956432,1.0
0.689272503082614,1.0
0.6921496095355528,1.0
0.6927661323468969,1.0
0.6929716399506781,1.0
0.6933826551582408,1.0
0.6939991779695849,1.0
0.6948212083847103,1.0
0.6952322235922729,1.0
0.696465269214961,1.0
0.6968762844225236,1.0
0.697698314837649,1.0
0.7026304973284011,1.0
0.7030415125359638,1.0
0.7034525277435265,1.0
0.7040690505548706,1.0
0.7044800657624332,1.0
0.7053020961775586,1.0
0.7055076037813399,1.0
0.7067406494040279,1.0
0.707357172215372,1.0
0.7083847102342786,1.0
0.7143444307439375,1.0
0.717016029593095,1.0
0.7172215371968763,1.0
0.7178380600082203,1.0
0.7180435676120016,1.0
0.7194821208384711,1.0
0.7207151664611591,1.0
0.7227702424989725,1.0
0.7235922729140978,1.0
0.7242087957254418,1.0
0.7250308261405672,1.0
0.7307850390464448,1.0
0.7311960542540074,1.0
0.7316070694615701,1.0
0.7324290998766955,1.0
0.7326346074804768,1.0
0.7330456226880394,1.0
0.7334566378956021,1.0
0.7367447595561035,1.0
0.7369502671598849,1.0
0.7377722975750103,1.0
0.7379778051787916,1.0
0.7383888203863543,1.0
0.7398273736128237,1.0
0.7402383888203864,1.0
0.7404438964241677,1.0
0.741265926839293,1.0
0.7414714344430744,1.0
0.7482531853678586,1.0
0.7484586929716399,1.0
0.7488697081792026,1.0
0.7494862309905467,1.0
0.7529798602548294,1.0
0.7531853678586108,1.0
0.7597616111796136,1.0
0.7603781339909577,1.0
0.761816687217427,1.0
0.7626387176325524,1.0
0.7632552404438965,1.0
0.7634607480476777,1.0
0.7640772708590218,1.0
0.7642827784628031,1.0
0.7651048088779285,1.0
0.7653103164817098,1.0
0.7671598849157418,1.0
0.7673653925195232,1.0
0.7683929305384299,1.0
0.7685984381422113,1.0
0.7737361282367448,1.0
0.7741471434443075,1.0
0.7747636662556514,1.0
0.7755856966707768,1.0
0.7766132346896836,1.0
0.7772297575010275,1.0
0.7776407727085902,1.0
0.7780517879161529,1.0
0.7784628031237156,1.0
0.7790793259350596,1.0
0.7813399095766543,1.0
0.781750924784217,1.0
0.7838060008220304,1.0
0.7840115084258118,1.0
0.801685162351007,1.0
0.8018906699547883,1.0
0.8031237155774764,1.0
0.8033292231812577,1.0
0.8055898068228524,1.0
0.8062063296341965,1.0
0.8070283600493219,1.0
0.8076448828606658,1.0
0.8080558980682285,1.0
0.8088779284833539,1.0
0.8092889436909165,1.0
0.8099054665022606,1.0
0.8103164817098233,1.0
0.810727496917386,1.0
0.812577065351418,1.0
0.8129880805589806,1.0
0.813193588162762,1.0
0.8140156185778874,1.0
0.8146321413892315,1.0
0.8214138923140156,1.0
0.8244965063707357,1.0
0.8249075215782984,1.0
0.8251130291820797,1.0
0.8403205918618989,1.0
0.840937114673243,1.0
0.8413481298808055,1.0
0.842170160295931,1.0
0.8429921907110564,1.0
0.8448417591450884,1.0
0.8454582819564324,1.0
0.8497739416358405,1.0
0.8501849568434032,1.0
0.8510069872585285,1.0
0.8635429510891903,1.0
0.8637484586929717,1.0
0.8690916563912865,1.0
0.8695026715988492,1.0
0.8707357172215372,1.0
0.8713522400328813,1.0
0.8717632552404438,1.0
0.8721742704480066,1.0
0.8725852856555693,1.0
0.8732018084669133,1.0
0.8736128236744759,1.0
0.8801890669954788,1.0
0.8810110974106042,1.0
0.8896424167694205,1.0
0.8902589395807645,1.0
0.8904644471845459,1.0
0.8912864775996712,1.0
0.8919030004110152,1.0
0.8923140156185779,1.0
0.8929305384299219,1.0
0.8933415536374846,1.0
0.8939580764488286,1.0
0.8990957665433621,1.0
0.8993012741471434,1.0
0.8997122893547062,1.0
0.9052609946568023,1.0
0.905672009864365,1.0
0.9089601315248664,1.0
0.9097821619399917,1.0
0.9110152075626798,1.0
0.9114262227702425,1.0
0.9116317303740238,1.0
0.9120427455815865,1.0
0.9122482531853678,1.0
0.9175914508836827,1.0
0.9182079736950267,1.0
0.9245787094122483,1.0
0.9249897246198109,1.0
0.9260172626387176,1.0
0.9266337854500617,1.0
0.9276613234689683,1.0
0.9284833538840938,1.0
0.9286888614878751,1.0
0.9297163995067818,1.0
0.9350595972050966,1.0
0.935881627620222,1.0
0.9369091656391286,1.0
0.9375256884504727,1.0
0.9381422112618167,1.0
0.938347718865598,1.0
0.9391697492807234,1.0
0.9404027949034114,1.0
0.9408138101109741,1.0
0.9416358405260995,1.0
0.9420468557336621,1.0
0.9426633785450061,1.0
0.9438964241676943,1.0
0.9457459926017263,1.0
0.9459515002055076,1.0
0.948006576243321,1.0
0.9482120838471023,1.0
0.948623099054665,1.0
0.9494451294697904,1.0
0.9504726674886971,1.0
0.9519112207151664,1.0
0.9523222359227291,1.0
0.9537607891491985,1.0
0.9539662967529798,1.0
0.9712289354706124,1.0
0.9720509658857378,1.0
0.9728729963008631,1.0
0.9734895191122072,1.0
0.9736950267159885,1.0
0.9921907110563091,1.0
0.9928072338676531,1.0
0.9938347718865598,1.0
0.9942457870941225,1.0
0.9956843403205918,1.0
0.9965063707357172,1.0
0.9981504315659679,1.0
1.0,1.0
